{
  "time": "2026-03-22T04:58:47",
  "state": "finished",
  "generation": 199,
  "sigma": 0.015,
  "next_game_id": 332896,
  "best": {
    "fitness": 0.9322916666666666,
    "worst_fitness": 0.8333333333333334,
    "wins": 179,
    "losses": 13,
    "draws": 0,
    "errors": 0,
    "games": 192,
    "weights": [
      543.8089413440173,
      160.55739461975534,
      58.72301293844307,
      232.03111396488086,
      23.251482073960677,
      6.634655604887602,
      4.01954100839444,
      155.52139001124516,
      172.39526491143775,
      130.2590378261238,
      47.15967083430251,
      12.595188707974273,
      37681.65647480556
    ],
    "named": {
      "w_largest": 543.8089413440173,
      "w_components": 160.55739461975534,
      "w_spread": 58.72301293844307,
      "w_material": 232.03111396488086,
      "w_links": 23.251482073960677,
      "w_center": 6.634655604887602,
      "w_mobility": 4.01954100839444,
      "w_late_largest": 155.52139001124516,
      "w_late_components": 172.39526491143775,
      "w_late_spread": 130.2590378261238,
      "w_late_links": 47.15967083430251,
      "w_late_mobility": 12.595188707974273,
      "connect_bonus": 37681.65647480556
    }
  }
}